file,line,column,message,severity,rule_id
../../Preprocessed/NoRename/CWE-89/php/bad_3816_0,15,33,"User data flows into this manually-constructed SQL string. User data can be safely inserted into SQL strings using prepared statements or an object-relational mapper (ORM). Manually-constructed SQL strings is a possible indicator of SQL injection, which could let an attacker steal or manipulate data from the database. Instead, use prepared statements (`$mysqli->prepare(""INSERT INTO test(id, label) VALUES (?, ?)"");`) or a safe library.",ERROR,php.lang.security.injection.tainted-sql-string.tainted-sql-string
../../Preprocessed/NoRename/CWE-89/php/bad_3816_2,12,29,"User data flows into this manually-constructed SQL string. User data can be safely inserted into SQL strings using prepared statements or an object-relational mapper (ORM). Manually-constructed SQL strings is a possible indicator of SQL injection, which could let an attacker steal or manipulate data from the database. Instead, use prepared statements (`$mysqli->prepare(""INSERT INTO test(id, label) VALUES (?, ?)"");`) or a safe library.",ERROR,php.lang.security.injection.tainted-sql-string.tainted-sql-string
../../Preprocessed/NoRename/CWE-89/php/bad_3816_2,27,31,"User data flows into this manually-constructed SQL string. User data can be safely inserted into SQL strings using prepared statements or an object-relational mapper (ORM). Manually-constructed SQL strings is a possible indicator of SQL injection, which could let an attacker steal or manipulate data from the database. Instead, use prepared statements (`$mysqli->prepare(""INSERT INTO test(id, label) VALUES (?, ?)"");`) or a safe library.",ERROR,php.lang.security.injection.tainted-sql-string.tainted-sql-string
../../Preprocessed/NoRename/CWE-89/php/bad_3816_3,13,29,"User data flows into this manually-constructed SQL string. User data can be safely inserted into SQL strings using prepared statements or an object-relational mapper (ORM). Manually-constructed SQL strings is a possible indicator of SQL injection, which could let an attacker steal or manipulate data from the database. Instead, use prepared statements (`$mysqli->prepare(""INSERT INTO test(id, label) VALUES (?, ?)"");`) or a safe library.",ERROR,php.lang.security.injection.tainted-sql-string.tainted-sql-string
../../Preprocessed/NoRename/CWE-89/php/bad_3816_3,34,19,"User data flows into this manually-constructed SQL string. User data can be safely inserted into SQL strings using prepared statements or an object-relational mapper (ORM). Manually-constructed SQL strings is a possible indicator of SQL injection, which could let an attacker steal or manipulate data from the database. Instead, use prepared statements (`$mysqli->prepare(""INSERT INTO test(id, label) VALUES (?, ?)"");`) or a safe library.",ERROR,php.lang.security.injection.tainted-sql-string.tainted-sql-string
../../Preprocessed/NoRename/CWE-89/php/bad_3816_4,12,29,"User data flows into this manually-constructed SQL string. User data can be safely inserted into SQL strings using prepared statements or an object-relational mapper (ORM). Manually-constructed SQL strings is a possible indicator of SQL injection, which could let an attacker steal or manipulate data from the database. Instead, use prepared statements (`$mysqli->prepare(""INSERT INTO test(id, label) VALUES (?, ?)"");`) or a safe library.",ERROR,php.lang.security.injection.tainted-sql-string.tainted-sql-string
../../Preprocessed/NoRename/CWE-89/php/bad_3816_4,28,31,"User data flows into this manually-constructed SQL string. User data can be safely inserted into SQL strings using prepared statements or an object-relational mapper (ORM). Manually-constructed SQL strings is a possible indicator of SQL injection, which could let an attacker steal or manipulate data from the database. Instead, use prepared statements (`$mysqli->prepare(""INSERT INTO test(id, label) VALUES (?, ?)"");`) or a safe library.",ERROR,php.lang.security.injection.tainted-sql-string.tainted-sql-string
../../Preprocessed/NoRename/CWE-89/php/bad_3816_5,12,29,"User data flows into this manually-constructed SQL string. User data can be safely inserted into SQL strings using prepared statements or an object-relational mapper (ORM). Manually-constructed SQL strings is a possible indicator of SQL injection, which could let an attacker steal or manipulate data from the database. Instead, use prepared statements (`$mysqli->prepare(""INSERT INTO test(id, label) VALUES (?, ?)"");`) or a safe library.",ERROR,php.lang.security.injection.tainted-sql-string.tainted-sql-string
../../Preprocessed/NoRename/CWE-89/php/bad_3816_7,15,28,"User data flows into this manually-constructed SQL string. User data can be safely inserted into SQL strings using prepared statements or an object-relational mapper (ORM). Manually-constructed SQL strings is a possible indicator of SQL injection, which could let an attacker steal or manipulate data from the database. Instead, use prepared statements (`$mysqli->prepare(""INSERT INTO test(id, label) VALUES (?, ?)"");`) or a safe library.",ERROR,php.lang.security.injection.tainted-sql-string.tainted-sql-string
../../Preprocessed/NoRename/CWE-89/php/bad_3816_7,46,30,"User data flows into this manually-constructed SQL string. User data can be safely inserted into SQL strings using prepared statements or an object-relational mapper (ORM). Manually-constructed SQL strings is a possible indicator of SQL injection, which could let an attacker steal or manipulate data from the database. Instead, use prepared statements (`$mysqli->prepare(""INSERT INTO test(id, label) VALUES (?, ?)"");`) or a safe library.",ERROR,php.lang.security.injection.tainted-sql-string.tainted-sql-string
../../Preprocessed/NoRename/CWE-89/php/bad_3816_7,59,9,"User data flows into this manually-constructed SQL string. User data can be safely inserted into SQL strings using prepared statements or an object-relational mapper (ORM). Manually-constructed SQL strings is a possible indicator of SQL injection, which could let an attacker steal or manipulate data from the database. Instead, use prepared statements (`$mysqli->prepare(""INSERT INTO test(id, label) VALUES (?, ?)"");`) or a safe library.",ERROR,php.lang.security.injection.tainted-sql-string.tainted-sql-string
../../Preprocessed/NoRename/CWE-89/php/bad_3816_7,79,8,"User data flows into this manually-constructed SQL string. User data can be safely inserted into SQL strings using prepared statements or an object-relational mapper (ORM). Manually-constructed SQL strings is a possible indicator of SQL injection, which could let an attacker steal or manipulate data from the database. Instead, use prepared statements (`$mysqli->prepare(""INSERT INTO test(id, label) VALUES (?, ?)"");`) or a safe library.",ERROR,php.lang.security.injection.tainted-sql-string.tainted-sql-string
../../Preprocessed/NoRename/CWE-89/php/bad_3816_6,13,28,"User data flows into this manually-constructed SQL string. User data can be safely inserted into SQL strings using prepared statements or an object-relational mapper (ORM). Manually-constructed SQL strings is a possible indicator of SQL injection, which could let an attacker steal or manipulate data from the database. Instead, use prepared statements (`$mysqli->prepare(""INSERT INTO test(id, label) VALUES (?, ?)"");`) or a safe library.",ERROR,php.lang.security.injection.tainted-sql-string.tainted-sql-string
../../Preprocessed/NoRename/CWE-89/php/bad_398_0,68,17,File name based on user input risks server-side request forgery.,WARNING,php.lang.security.injection.tainted-filename.tainted-filename
../../Preprocessed/NoRename/CWE-89/php/bad_4024_0,21,26,"User data flows into this manually-constructed SQL string. User data can be safely inserted into SQL strings using prepared statements or an object-relational mapper (ORM). Manually-constructed SQL strings is a possible indicator of SQL injection, which could let an attacker steal or manipulate data from the database. Instead, use prepared statements (`$mysqli->prepare(""INSERT INTO test(id, label) VALUES (?, ?)"");`) or a safe library.",ERROR,php.lang.security.injection.tainted-sql-string.tainted-sql-string
../../Preprocessed/NoRename/CWE-89/php/bad_4363_3,308,28,"`$qb` Detected string concatenation with a non-literal variable in a Doctrine QueryBuilder method. This could lead to SQL injection if the variable is user-controlled and not properly sanitized. In order to prevent SQL injection, use parameterized queries or prepared statements instead.",WARNING,php.doctrine.security.audit.doctrine-orm-dangerous-query.doctrine-orm-dangerous-query
../../Preprocessed/NoRename/CWE-89/php/bad_56_1,145,32,File name based on user input risks server-side request forgery.,WARNING,php.lang.security.injection.tainted-filename.tainted-filename
../../Preprocessed/NoRename/CWE-89/php/bad_56_1,258,17,File name based on user input risks server-side request forgery.,WARNING,php.lang.security.injection.tainted-filename.tainted-filename
../../Preprocessed/NoRename/CWE-89/php/bad_56_1,264,34,File name based on user input risks server-side request forgery.,WARNING,php.lang.security.injection.tainted-filename.tainted-filename
../../Preprocessed/NoRename/CWE-89/php/bad_56_17,26,24,File name based on user input risks server-side request forgery.,WARNING,php.lang.security.injection.tainted-filename.tainted-filename
../../Preprocessed/NoRename/CWE-89/php/bad_56_17,30,37,File name based on user input risks server-side request forgery.,WARNING,php.lang.security.injection.tainted-filename.tainted-filename
../../Preprocessed/NoRename/CWE-89/php/bad_56_16,32,24,File name based on user input risks server-side request forgery.,WARNING,php.lang.security.injection.tainted-filename.tainted-filename
../../Preprocessed/NoRename/CWE-89/php/bad_56_16,36,36,File name based on user input risks server-side request forgery.,WARNING,php.lang.security.injection.tainted-filename.tainted-filename
../../Preprocessed/NoRename/CWE-89/php/bad_56_15,26,24,File name based on user input risks server-side request forgery.,WARNING,php.lang.security.injection.tainted-filename.tainted-filename
../../Preprocessed/NoRename/CWE-89/php/bad_56_15,30,37,File name based on user input risks server-side request forgery.,WARNING,php.lang.security.injection.tainted-filename.tainted-filename
../../Preprocessed/NoRename/CWE-89/php/bad_56_18,26,24,File name based on user input risks server-side request forgery.,WARNING,php.lang.security.injection.tainted-filename.tainted-filename
../../Preprocessed/NoRename/CWE-89/php/bad_56_18,30,37,File name based on user input risks server-side request forgery.,WARNING,php.lang.security.injection.tainted-filename.tainted-filename
../../Preprocessed/NoRename/CWE-89/php/bad_56_4,44,24,File name based on user input risks server-side request forgery.,WARNING,php.lang.security.injection.tainted-filename.tainted-filename
../../Preprocessed/NoRename/CWE-89/php/bad_56_4,44,53,File name based on user input risks server-side request forgery.,WARNING,php.lang.security.injection.tainted-filename.tainted-filename
../../Preprocessed/NoRename/CWE-89/php/bad_56_4,49,17,File name based on user input risks server-side request forgery.,WARNING,php.lang.security.injection.tainted-filename.tainted-filename
../../Preprocessed/NoRename/CWE-89/php/bad_56_4,50,25,File name based on user input risks server-side request forgery.,WARNING,php.lang.security.injection.tainted-filename.tainted-filename
../../Preprocessed/NoRename/CWE-89/php/bad_56_4,91,30,File name based on user input risks server-side request forgery.,WARNING,php.lang.security.injection.tainted-filename.tainted-filename
../../Preprocessed/NoRename/CWE-89/php/bad_750_0,30,13,"User data flows into this manually-constructed SQL string. User data can be safely inserted into SQL strings using prepared statements or an object-relational mapper (ORM). Manually-constructed SQL strings is a possible indicator of SQL injection, which could let an attacker steal or manipulate data from the database. Instead, use prepared statements (`$mysqli->prepare(""INSERT INTO test(id, label) VALUES (?, ?)"");`) or a safe library.",ERROR,php.lang.security.injection.tainted-sql-string.tainted-sql-string
../../Preprocessed/NoRename/CWE-89/php/good_1147_2,85,45,File name based on user input risks server-side request forgery.,WARNING,php.lang.security.injection.tainted-filename.tainted-filename
../../Preprocessed/NoRename/CWE-89/php/good_1147_2,273,45,File name based on user input risks server-side request forgery.,WARNING,php.lang.security.injection.tainted-filename.tainted-filename
../../Preprocessed/NoRename/CWE-89/php/good_2178_8,48,17,"User data flows into this manually-constructed SQL string. User data can be safely inserted into SQL strings using prepared statements or an object-relational mapper (ORM). Manually-constructed SQL strings is a possible indicator of SQL injection, which could let an attacker steal or manipulate data from the database. Instead, use prepared statements (`$mysqli->prepare(""INSERT INTO test(id, label) VALUES (?, ?)"");`) or a safe library.",ERROR,php.lang.security.injection.tainted-sql-string.tainted-sql-string
../../Preprocessed/NoRename/CWE-89/php/good_2178_8,59,41,"User data flows into this manually-constructed SQL string. User data can be safely inserted into SQL strings using prepared statements or an object-relational mapper (ORM). Manually-constructed SQL strings is a possible indicator of SQL injection, which could let an attacker steal or manipulate data from the database. Instead, use prepared statements (`$mysqli->prepare(""INSERT INTO test(id, label) VALUES (?, ?)"");`) or a safe library.",ERROR,php.lang.security.injection.tainted-sql-string.tainted-sql-string
../../Preprocessed/NoRename/CWE-89/php/good_2179_0,38,31,"User data flows into this manually-constructed SQL string. User data can be safely inserted into SQL strings using prepared statements or an object-relational mapper (ORM). Manually-constructed SQL strings is a possible indicator of SQL injection, which could let an attacker steal or manipulate data from the database. Instead, use prepared statements (`$mysqli->prepare(""INSERT INTO test(id, label) VALUES (?, ?)"");`) or a safe library.",ERROR,php.lang.security.injection.tainted-sql-string.tainted-sql-string
../../Preprocessed/NoRename/CWE-89/php/good_2179_11,16,30,"User data flows into this manually-constructed SQL string. User data can be safely inserted into SQL strings using prepared statements or an object-relational mapper (ORM). Manually-constructed SQL strings is a possible indicator of SQL injection, which could let an attacker steal or manipulate data from the database. Instead, use prepared statements (`$mysqli->prepare(""INSERT INTO test(id, label) VALUES (?, ?)"");`) or a safe library.",ERROR,php.lang.security.injection.tainted-sql-string.tainted-sql-string
../../Preprocessed/NoRename/CWE-89/php/good_2179_1,41,30,"User data flows into this manually-constructed SQL string. User data can be safely inserted into SQL strings using prepared statements or an object-relational mapper (ORM). Manually-constructed SQL strings is a possible indicator of SQL injection, which could let an attacker steal or manipulate data from the database. Instead, use prepared statements (`$mysqli->prepare(""INSERT INTO test(id, label) VALUES (?, ?)"");`) or a safe library.",ERROR,php.lang.security.injection.tainted-sql-string.tainted-sql-string
../../Preprocessed/NoRename/CWE-89/php/good_2179_1,160,31,"User data flows into this manually-constructed SQL string. User data can be safely inserted into SQL strings using prepared statements or an object-relational mapper (ORM). Manually-constructed SQL strings is a possible indicator of SQL injection, which could let an attacker steal or manipulate data from the database. Instead, use prepared statements (`$mysqli->prepare(""INSERT INTO test(id, label) VALUES (?, ?)"");`) or a safe library.",ERROR,php.lang.security.injection.tainted-sql-string.tainted-sql-string
../../Preprocessed/NoRename/CWE-89/php/good_2179_10,12,18,"User data flows into this manually-constructed SQL string. User data can be safely inserted into SQL strings using prepared statements or an object-relational mapper (ORM). Manually-constructed SQL strings is a possible indicator of SQL injection, which could let an attacker steal or manipulate data from the database. Instead, use prepared statements (`$mysqli->prepare(""INSERT INTO test(id, label) VALUES (?, ?)"");`) or a safe library.",ERROR,php.lang.security.injection.tainted-sql-string.tainted-sql-string
../../Preprocessed/NoRename/CWE-89/php/good_2179_12,12,18,"User data flows into this manually-constructed SQL string. User data can be safely inserted into SQL strings using prepared statements or an object-relational mapper (ORM). Manually-constructed SQL strings is a possible indicator of SQL injection, which could let an attacker steal or manipulate data from the database. Instead, use prepared statements (`$mysqli->prepare(""INSERT INTO test(id, label) VALUES (?, ?)"");`) or a safe library.",ERROR,php.lang.security.injection.tainted-sql-string.tainted-sql-string
../../Preprocessed/NoRename/CWE-89/php/good_2179_13,42,30,"User data flows into this manually-constructed SQL string. User data can be safely inserted into SQL strings using prepared statements or an object-relational mapper (ORM). Manually-constructed SQL strings is a possible indicator of SQL injection, which could let an attacker steal or manipulate data from the database. Instead, use prepared statements (`$mysqli->prepare(""INSERT INTO test(id, label) VALUES (?, ?)"");`) or a safe library.",ERROR,php.lang.security.injection.tainted-sql-string.tainted-sql-string
../../Preprocessed/NoRename/CWE-89/php/good_2179_13,227,32,"User data flows into this manually-constructed SQL string. User data can be safely inserted into SQL strings using prepared statements or an object-relational mapper (ORM). Manually-constructed SQL strings is a possible indicator of SQL injection, which could let an attacker steal or manipulate data from the database. Instead, use prepared statements (`$mysqli->prepare(""INSERT INTO test(id, label) VALUES (?, ?)"");`) or a safe library.",ERROR,php.lang.security.injection.tainted-sql-string.tainted-sql-string
../../Preprocessed/NoRename/CWE-89/php/good_2179_13,253,32,"User data flows into this manually-constructed SQL string. User data can be safely inserted into SQL strings using prepared statements or an object-relational mapper (ORM). Manually-constructed SQL strings is a possible indicator of SQL injection, which could let an attacker steal or manipulate data from the database. Instead, use prepared statements (`$mysqli->prepare(""INSERT INTO test(id, label) VALUES (?, ?)"");`) or a safe library.",ERROR,php.lang.security.injection.tainted-sql-string.tainted-sql-string
../../Preprocessed/NoRename/CWE-89/php/good_2179_13,277,11,"User data flows into this manually-constructed SQL string. User data can be safely inserted into SQL strings using prepared statements or an object-relational mapper (ORM). Manually-constructed SQL strings is a possible indicator of SQL injection, which could let an attacker steal or manipulate data from the database. Instead, use prepared statements (`$mysqli->prepare(""INSERT INTO test(id, label) VALUES (?, ?)"");`) or a safe library.",ERROR,php.lang.security.injection.tainted-sql-string.tainted-sql-string
../../Preprocessed/NoRename/CWE-89/php/good_2179_13,289,11,"User data flows into this manually-constructed SQL string. User data can be safely inserted into SQL strings using prepared statements or an object-relational mapper (ORM). Manually-constructed SQL strings is a possible indicator of SQL injection, which could let an attacker steal or manipulate data from the database. Instead, use prepared statements (`$mysqli->prepare(""INSERT INTO test(id, label) VALUES (?, ?)"");`) or a safe library.",ERROR,php.lang.security.injection.tainted-sql-string.tainted-sql-string
../../Preprocessed/NoRename/CWE-89/php/good_2179_13,323,13,"User data flows into this manually-constructed SQL string. User data can be safely inserted into SQL strings using prepared statements or an object-relational mapper (ORM). Manually-constructed SQL strings is a possible indicator of SQL injection, which could let an attacker steal or manipulate data from the database. Instead, use prepared statements (`$mysqli->prepare(""INSERT INTO test(id, label) VALUES (?, ?)"");`) or a safe library.",ERROR,php.lang.security.injection.tainted-sql-string.tainted-sql-string
../../Preprocessed/NoRename/CWE-89/php/good_2179_14,49,29,"User data flows into this manually-constructed SQL string. User data can be safely inserted into SQL strings using prepared statements or an object-relational mapper (ORM). Manually-constructed SQL strings is a possible indicator of SQL injection, which could let an attacker steal or manipulate data from the database. Instead, use prepared statements (`$mysqli->prepare(""INSERT INTO test(id, label) VALUES (?, ?)"");`) or a safe library.",ERROR,php.lang.security.injection.tainted-sql-string.tainted-sql-string
../../Preprocessed/NoRename/CWE-89/php/good_2179_14,58,28,"User data flows into this manually-constructed SQL string. User data can be safely inserted into SQL strings using prepared statements or an object-relational mapper (ORM). Manually-constructed SQL strings is a possible indicator of SQL injection, which could let an attacker steal or manipulate data from the database. Instead, use prepared statements (`$mysqli->prepare(""INSERT INTO test(id, label) VALUES (?, ?)"");`) or a safe library.",ERROR,php.lang.security.injection.tainted-sql-string.tainted-sql-string
../../Preprocessed/NoRename/CWE-89/php/good_2179_15,29,31,"User data flows into this manually-constructed SQL string. User data can be safely inserted into SQL strings using prepared statements or an object-relational mapper (ORM). Manually-constructed SQL strings is a possible indicator of SQL injection, which could let an attacker steal or manipulate data from the database. Instead, use prepared statements (`$mysqli->prepare(""INSERT INTO test(id, label) VALUES (?, ?)"");`) or a safe library.",ERROR,php.lang.security.injection.tainted-sql-string.tainted-sql-string
../../Preprocessed/NoRename/CWE-89/php/good_2179_15,59,32,"User data flows into this manually-constructed SQL string. User data can be safely inserted into SQL strings using prepared statements or an object-relational mapper (ORM). Manually-constructed SQL strings is a possible indicator of SQL injection, which could let an attacker steal or manipulate data from the database. Instead, use prepared statements (`$mysqli->prepare(""INSERT INTO test(id, label) VALUES (?, ?)"");`) or a safe library.",ERROR,php.lang.security.injection.tainted-sql-string.tainted-sql-string
../../Preprocessed/NoRename/CWE-89/php/good_2179_15,62,32,"User data flows into this manually-constructed SQL string. User data can be safely inserted into SQL strings using prepared statements or an object-relational mapper (ORM). Manually-constructed SQL strings is a possible indicator of SQL injection, which could let an attacker steal or manipulate data from the database. Instead, use prepared statements (`$mysqli->prepare(""INSERT INTO test(id, label) VALUES (?, ?)"");`) or a safe library.",ERROR,php.lang.security.injection.tainted-sql-string.tainted-sql-string
../../Preprocessed/NoRename/CWE-89/php/good_2179_15,90,30,"User data flows into this manually-constructed SQL string. User data can be safely inserted into SQL strings using prepared statements or an object-relational mapper (ORM). Manually-constructed SQL strings is a possible indicator of SQL injection, which could let an attacker steal or manipulate data from the database. Instead, use prepared statements (`$mysqli->prepare(""INSERT INTO test(id, label) VALUES (?, ?)"");`) or a safe library.",ERROR,php.lang.security.injection.tainted-sql-string.tainted-sql-string
../../Preprocessed/NoRename/CWE-89/php/good_2179_2,15,31,"User data flows into this manually-constructed SQL string. User data can be safely inserted into SQL strings using prepared statements or an object-relational mapper (ORM). Manually-constructed SQL strings is a possible indicator of SQL injection, which could let an attacker steal or manipulate data from the database. Instead, use prepared statements (`$mysqli->prepare(""INSERT INTO test(id, label) VALUES (?, ?)"");`) or a safe library.",ERROR,php.lang.security.injection.tainted-sql-string.tainted-sql-string
../../Preprocessed/NoRename/CWE-89/php/good_2179_2,18,23,File name based on user input risks server-side request forgery.,WARNING,php.lang.security.injection.tainted-filename.tainted-filename
../../Preprocessed/NoRename/CWE-89/php/good_2179_2,21,16,File name based on user input risks server-side request forgery.,WARNING,php.lang.security.injection.tainted-filename.tainted-filename
../../Preprocessed/NoRename/CWE-89/php/good_2179_2,22,20,File name based on user input risks server-side request forgery.,WARNING,php.lang.security.injection.tainted-filename.tainted-filename
../../Preprocessed/NoRename/CWE-89/php/good_2179_3,56,31,"User data flows into this manually-constructed SQL string. User data can be safely inserted into SQL strings using prepared statements or an object-relational mapper (ORM). Manually-constructed SQL strings is a possible indicator of SQL injection, which could let an attacker steal or manipulate data from the database. Instead, use prepared statements (`$mysqli->prepare(""INSERT INTO test(id, label) VALUES (?, ?)"");`) or a safe library.",ERROR,php.lang.security.injection.tainted-sql-string.tainted-sql-string
../../Preprocessed/NoRename/CWE-89/php/good_2179_3,63,30,"User data flows into this manually-constructed SQL string. User data can be safely inserted into SQL strings using prepared statements or an object-relational mapper (ORM). Manually-constructed SQL strings is a possible indicator of SQL injection, which could let an attacker steal or manipulate data from the database. Instead, use prepared statements (`$mysqli->prepare(""INSERT INTO test(id, label) VALUES (?, ?)"");`) or a safe library.",ERROR,php.lang.security.injection.tainted-sql-string.tainted-sql-string
../../Preprocessed/NoRename/CWE-89/php/good_2179_3,70,31,"User data flows into this manually-constructed SQL string. User data can be safely inserted into SQL strings using prepared statements or an object-relational mapper (ORM). Manually-constructed SQL strings is a possible indicator of SQL injection, which could let an attacker steal or manipulate data from the database. Instead, use prepared statements (`$mysqli->prepare(""INSERT INTO test(id, label) VALUES (?, ?)"");`) or a safe library.",ERROR,php.lang.security.injection.tainted-sql-string.tainted-sql-string
../../Preprocessed/NoRename/CWE-89/php/good_2179_5,99,44,"User data flows into this manually-constructed SQL string. User data can be safely inserted into SQL strings using prepared statements or an object-relational mapper (ORM). Manually-constructed SQL strings is a possible indicator of SQL injection, which could let an attacker steal or manipulate data from the database. Instead, use prepared statements (`$mysqli->prepare(""INSERT INTO test(id, label) VALUES (?, ?)"");`) or a safe library.",ERROR,php.lang.security.injection.tainted-sql-string.tainted-sql-string
../../Preprocessed/NoRename/CWE-89/php/good_2179_5,104,44,"User data flows into this manually-constructed SQL string. User data can be safely inserted into SQL strings using prepared statements or an object-relational mapper (ORM). Manually-constructed SQL strings is a possible indicator of SQL injection, which could let an attacker steal or manipulate data from the database. Instead, use prepared statements (`$mysqli->prepare(""INSERT INTO test(id, label) VALUES (?, ?)"");`) or a safe library.",ERROR,php.lang.security.injection.tainted-sql-string.tainted-sql-string
../../Preprocessed/NoRename/CWE-89/php/good_2179_5,114,30,"User data flows into this manually-constructed SQL string. User data can be safely inserted into SQL strings using prepared statements or an object-relational mapper (ORM). Manually-constructed SQL strings is a possible indicator of SQL injection, which could let an attacker steal or manipulate data from the database. Instead, use prepared statements (`$mysqli->prepare(""INSERT INTO test(id, label) VALUES (?, ?)"");`) or a safe library.",ERROR,php.lang.security.injection.tainted-sql-string.tainted-sql-string
../../Preprocessed/NoRename/CWE-89/php/good_2179_5,130,31,"User data flows into this manually-constructed SQL string. User data can be safely inserted into SQL strings using prepared statements or an object-relational mapper (ORM). Manually-constructed SQL strings is a possible indicator of SQL injection, which could let an attacker steal or manipulate data from the database. Instead, use prepared statements (`$mysqli->prepare(""INSERT INTO test(id, label) VALUES (?, ?)"");`) or a safe library.",ERROR,php.lang.security.injection.tainted-sql-string.tainted-sql-string
../../Preprocessed/NoRename/CWE-89/php/good_2179_5,144,11,"User data flows into this manually-constructed SQL string. User data can be safely inserted into SQL strings using prepared statements or an object-relational mapper (ORM). Manually-constructed SQL strings is a possible indicator of SQL injection, which could let an attacker steal or manipulate data from the database. Instead, use prepared statements (`$mysqli->prepare(""INSERT INTO test(id, label) VALUES (?, ?)"");`) or a safe library.",ERROR,php.lang.security.injection.tainted-sql-string.tainted-sql-string
../../Preprocessed/NoRename/CWE-89/php/good_2179_7,23,36,"User data flows into this manually-constructed SQL string. User data can be safely inserted into SQL strings using prepared statements or an object-relational mapper (ORM). Manually-constructed SQL strings is a possible indicator of SQL injection, which could let an attacker steal or manipulate data from the database. Instead, use prepared statements (`$mysqli->prepare(""INSERT INTO test(id, label) VALUES (?, ?)"");`) or a safe library.",ERROR,php.lang.security.injection.tainted-sql-string.tainted-sql-string
../../Preprocessed/NoRename/CWE-89/php/good_2179_9,105,30,"User data flows into this manually-constructed SQL string. User data can be safely inserted into SQL strings using prepared statements or an object-relational mapper (ORM). Manually-constructed SQL strings is a possible indicator of SQL injection, which could let an attacker steal or manipulate data from the database. Instead, use prepared statements (`$mysqli->prepare(""INSERT INTO test(id, label) VALUES (?, ?)"");`) or a safe library.",ERROR,php.lang.security.injection.tainted-sql-string.tainted-sql-string
../../Preprocessed/NoRename/CWE-89/php/good_2179_9,254,32,"User data flows into this manually-constructed SQL string. User data can be safely inserted into SQL strings using prepared statements or an object-relational mapper (ORM). Manually-constructed SQL strings is a possible indicator of SQL injection, which could let an attacker steal or manipulate data from the database. Instead, use prepared statements (`$mysqli->prepare(""INSERT INTO test(id, label) VALUES (?, ?)"");`) or a safe library.",ERROR,php.lang.security.injection.tainted-sql-string.tainted-sql-string
../../Preprocessed/NoRename/CWE-89/php/good_2179_9,290,6,"User data flows into this manually-constructed SQL string. User data can be safely inserted into SQL strings using prepared statements or an object-relational mapper (ORM). Manually-constructed SQL strings is a possible indicator of SQL injection, which could let an attacker steal or manipulate data from the database. Instead, use prepared statements (`$mysqli->prepare(""INSERT INTO test(id, label) VALUES (?, ?)"");`) or a safe library.",ERROR,php.lang.security.injection.tainted-sql-string.tainted-sql-string
../../Preprocessed/NoRename/CWE-89/php/good_2179_9,298,6,"User data flows into this manually-constructed SQL string. User data can be safely inserted into SQL strings using prepared statements or an object-relational mapper (ORM). Manually-constructed SQL strings is a possible indicator of SQL injection, which could let an attacker steal or manipulate data from the database. Instead, use prepared statements (`$mysqli->prepare(""INSERT INTO test(id, label) VALUES (?, ?)"");`) or a safe library.",ERROR,php.lang.security.injection.tainted-sql-string.tainted-sql-string
../../Preprocessed/NoRename/CWE-89/php/good_2179_9,322,32,"User data flows into this manually-constructed SQL string. User data can be safely inserted into SQL strings using prepared statements or an object-relational mapper (ORM). Manually-constructed SQL strings is a possible indicator of SQL injection, which could let an attacker steal or manipulate data from the database. Instead, use prepared statements (`$mysqli->prepare(""INSERT INTO test(id, label) VALUES (?, ?)"");`) or a safe library.",ERROR,php.lang.security.injection.tainted-sql-string.tainted-sql-string
../../Preprocessed/NoRename/CWE-89/php/good_2179_9,360,32,"User data flows into this manually-constructed SQL string. User data can be safely inserted into SQL strings using prepared statements or an object-relational mapper (ORM). Manually-constructed SQL strings is a possible indicator of SQL injection, which could let an attacker steal or manipulate data from the database. Instead, use prepared statements (`$mysqli->prepare(""INSERT INTO test(id, label) VALUES (?, ?)"");`) or a safe library.",ERROR,php.lang.security.injection.tainted-sql-string.tainted-sql-string
../../Preprocessed/NoRename/CWE-89/php/good_2179_9,362,32,"User data flows into this manually-constructed SQL string. User data can be safely inserted into SQL strings using prepared statements or an object-relational mapper (ORM). Manually-constructed SQL strings is a possible indicator of SQL injection, which could let an attacker steal or manipulate data from the database. Instead, use prepared statements (`$mysqli->prepare(""INSERT INTO test(id, label) VALUES (?, ?)"");`) or a safe library.",ERROR,php.lang.security.injection.tainted-sql-string.tainted-sql-string
../../Preprocessed/NoRename/CWE-89/php/good_2179_9,532,31,"User data flows into this manually-constructed SQL string. User data can be safely inserted into SQL strings using prepared statements or an object-relational mapper (ORM). Manually-constructed SQL strings is a possible indicator of SQL injection, which could let an attacker steal or manipulate data from the database. Instead, use prepared statements (`$mysqli->prepare(""INSERT INTO test(id, label) VALUES (?, ?)"");`) or a safe library.",ERROR,php.lang.security.injection.tainted-sql-string.tainted-sql-string
../../Preprocessed/NoRename/CWE-89/php/good_2179_9,534,31,"User data flows into this manually-constructed SQL string. User data can be safely inserted into SQL strings using prepared statements or an object-relational mapper (ORM). Manually-constructed SQL strings is a possible indicator of SQL injection, which could let an attacker steal or manipulate data from the database. Instead, use prepared statements (`$mysqli->prepare(""INSERT INTO test(id, label) VALUES (?, ?)"");`) or a safe library.",ERROR,php.lang.security.injection.tainted-sql-string.tainted-sql-string
../../Preprocessed/NoRename/CWE-89/php/good_2179_9,559,15,"User data flows into this manually-constructed SQL string. User data can be safely inserted into SQL strings using prepared statements or an object-relational mapper (ORM). Manually-constructed SQL strings is a possible indicator of SQL injection, which could let an attacker steal or manipulate data from the database. Instead, use prepared statements (`$mysqli->prepare(""INSERT INTO test(id, label) VALUES (?, ?)"");`) or a safe library.",ERROR,php.lang.security.injection.tainted-sql-string.tainted-sql-string
../../Preprocessed/NoRename/CWE-89/php/good_2179_9,617,31,"User data flows into this manually-constructed SQL string. User data can be safely inserted into SQL strings using prepared statements or an object-relational mapper (ORM). Manually-constructed SQL strings is a possible indicator of SQL injection, which could let an attacker steal or manipulate data from the database. Instead, use prepared statements (`$mysqli->prepare(""INSERT INTO test(id, label) VALUES (?, ?)"");`) or a safe library.",ERROR,php.lang.security.injection.tainted-sql-string.tainted-sql-string
../../Preprocessed/NoRename/CWE-89/php/good_2179_9,679,31,"User data flows into this manually-constructed SQL string. User data can be safely inserted into SQL strings using prepared statements or an object-relational mapper (ORM). Manually-constructed SQL strings is a possible indicator of SQL injection, which could let an attacker steal or manipulate data from the database. Instead, use prepared statements (`$mysqli->prepare(""INSERT INTO test(id, label) VALUES (?, ?)"");`) or a safe library.",ERROR,php.lang.security.injection.tainted-sql-string.tainted-sql-string
../../Preprocessed/NoRename/CWE-89/php/good_2179_9,681,31,"User data flows into this manually-constructed SQL string. User data can be safely inserted into SQL strings using prepared statements or an object-relational mapper (ORM). Manually-constructed SQL strings is a possible indicator of SQL injection, which could let an attacker steal or manipulate data from the database. Instead, use prepared statements (`$mysqli->prepare(""INSERT INTO test(id, label) VALUES (?, ?)"");`) or a safe library.",ERROR,php.lang.security.injection.tainted-sql-string.tainted-sql-string
../../Preprocessed/NoRename/CWE-89/php/good_2318_0,24,8,"User data flows into this manually-constructed SQL string. User data can be safely inserted into SQL strings using prepared statements or an object-relational mapper (ORM). Manually-constructed SQL strings is a possible indicator of SQL injection, which could let an attacker steal or manipulate data from the database. Instead, use prepared statements (`$mysqli->prepare(""INSERT INTO test(id, label) VALUES (?, ?)"");`) or a safe library.",ERROR,php.lang.security.injection.tainted-sql-string.tainted-sql-string
../../Preprocessed/NoRename/CWE-89/php/good_2318_0,37,8,"User data flows into this manually-constructed SQL string. User data can be safely inserted into SQL strings using prepared statements or an object-relational mapper (ORM). Manually-constructed SQL strings is a possible indicator of SQL injection, which could let an attacker steal or manipulate data from the database. Instead, use prepared statements (`$mysqli->prepare(""INSERT INTO test(id, label) VALUES (?, ?)"");`) or a safe library.",ERROR,php.lang.security.injection.tainted-sql-string.tainted-sql-string
../../Preprocessed/NoRename/CWE-89/php/good_3816_0,15,33,"User data flows into this manually-constructed SQL string. User data can be safely inserted into SQL strings using prepared statements or an object-relational mapper (ORM). Manually-constructed SQL strings is a possible indicator of SQL injection, which could let an attacker steal or manipulate data from the database. Instead, use prepared statements (`$mysqli->prepare(""INSERT INTO test(id, label) VALUES (?, ?)"");`) or a safe library.",ERROR,php.lang.security.injection.tainted-sql-string.tainted-sql-string
../../Preprocessed/NoRename/CWE-89/php/good_3816_2,12,29,"User data flows into this manually-constructed SQL string. User data can be safely inserted into SQL strings using prepared statements or an object-relational mapper (ORM). Manually-constructed SQL strings is a possible indicator of SQL injection, which could let an attacker steal or manipulate data from the database. Instead, use prepared statements (`$mysqli->prepare(""INSERT INTO test(id, label) VALUES (?, ?)"");`) or a safe library.",ERROR,php.lang.security.injection.tainted-sql-string.tainted-sql-string
../../Preprocessed/NoRename/CWE-89/php/good_3816_2,27,31,"User data flows into this manually-constructed SQL string. User data can be safely inserted into SQL strings using prepared statements or an object-relational mapper (ORM). Manually-constructed SQL strings is a possible indicator of SQL injection, which could let an attacker steal or manipulate data from the database. Instead, use prepared statements (`$mysqli->prepare(""INSERT INTO test(id, label) VALUES (?, ?)"");`) or a safe library.",ERROR,php.lang.security.injection.tainted-sql-string.tainted-sql-string
../../Preprocessed/NoRename/CWE-89/php/good_3816_3,13,29,"User data flows into this manually-constructed SQL string. User data can be safely inserted into SQL strings using prepared statements or an object-relational mapper (ORM). Manually-constructed SQL strings is a possible indicator of SQL injection, which could let an attacker steal or manipulate data from the database. Instead, use prepared statements (`$mysqli->prepare(""INSERT INTO test(id, label) VALUES (?, ?)"");`) or a safe library.",ERROR,php.lang.security.injection.tainted-sql-string.tainted-sql-string
../../Preprocessed/NoRename/CWE-89/php/good_3816_3,34,19,"User data flows into this manually-constructed SQL string. User data can be safely inserted into SQL strings using prepared statements or an object-relational mapper (ORM). Manually-constructed SQL strings is a possible indicator of SQL injection, which could let an attacker steal or manipulate data from the database. Instead, use prepared statements (`$mysqli->prepare(""INSERT INTO test(id, label) VALUES (?, ?)"");`) or a safe library.",ERROR,php.lang.security.injection.tainted-sql-string.tainted-sql-string
../../Preprocessed/NoRename/CWE-89/php/good_3816_5,12,29,"User data flows into this manually-constructed SQL string. User data can be safely inserted into SQL strings using prepared statements or an object-relational mapper (ORM). Manually-constructed SQL strings is a possible indicator of SQL injection, which could let an attacker steal or manipulate data from the database. Instead, use prepared statements (`$mysqli->prepare(""INSERT INTO test(id, label) VALUES (?, ?)"");`) or a safe library.",ERROR,php.lang.security.injection.tainted-sql-string.tainted-sql-string
../../Preprocessed/NoRename/CWE-89/php/good_3816_4,12,29,"User data flows into this manually-constructed SQL string. User data can be safely inserted into SQL strings using prepared statements or an object-relational mapper (ORM). Manually-constructed SQL strings is a possible indicator of SQL injection, which could let an attacker steal or manipulate data from the database. Instead, use prepared statements (`$mysqli->prepare(""INSERT INTO test(id, label) VALUES (?, ?)"");`) or a safe library.",ERROR,php.lang.security.injection.tainted-sql-string.tainted-sql-string
../../Preprocessed/NoRename/CWE-89/php/good_3816_4,28,31,"User data flows into this manually-constructed SQL string. User data can be safely inserted into SQL strings using prepared statements or an object-relational mapper (ORM). Manually-constructed SQL strings is a possible indicator of SQL injection, which could let an attacker steal or manipulate data from the database. Instead, use prepared statements (`$mysqli->prepare(""INSERT INTO test(id, label) VALUES (?, ?)"");`) or a safe library.",ERROR,php.lang.security.injection.tainted-sql-string.tainted-sql-string
../../Preprocessed/NoRename/CWE-89/php/good_3816_6,13,28,"User data flows into this manually-constructed SQL string. User data can be safely inserted into SQL strings using prepared statements or an object-relational mapper (ORM). Manually-constructed SQL strings is a possible indicator of SQL injection, which could let an attacker steal or manipulate data from the database. Instead, use prepared statements (`$mysqli->prepare(""INSERT INTO test(id, label) VALUES (?, ?)"");`) or a safe library.",ERROR,php.lang.security.injection.tainted-sql-string.tainted-sql-string
../../Preprocessed/NoRename/CWE-89/php/good_3816_7,15,28,"User data flows into this manually-constructed SQL string. User data can be safely inserted into SQL strings using prepared statements or an object-relational mapper (ORM). Manually-constructed SQL strings is a possible indicator of SQL injection, which could let an attacker steal or manipulate data from the database. Instead, use prepared statements (`$mysqli->prepare(""INSERT INTO test(id, label) VALUES (?, ?)"");`) or a safe library.",ERROR,php.lang.security.injection.tainted-sql-string.tainted-sql-string
../../Preprocessed/NoRename/CWE-89/php/good_3816_7,46,30,"User data flows into this manually-constructed SQL string. User data can be safely inserted into SQL strings using prepared statements or an object-relational mapper (ORM). Manually-constructed SQL strings is a possible indicator of SQL injection, which could let an attacker steal or manipulate data from the database. Instead, use prepared statements (`$mysqli->prepare(""INSERT INTO test(id, label) VALUES (?, ?)"");`) or a safe library.",ERROR,php.lang.security.injection.tainted-sql-string.tainted-sql-string
../../Preprocessed/NoRename/CWE-89/php/good_3816_7,59,9,"User data flows into this manually-constructed SQL string. User data can be safely inserted into SQL strings using prepared statements or an object-relational mapper (ORM). Manually-constructed SQL strings is a possible indicator of SQL injection, which could let an attacker steal or manipulate data from the database. Instead, use prepared statements (`$mysqli->prepare(""INSERT INTO test(id, label) VALUES (?, ?)"");`) or a safe library.",ERROR,php.lang.security.injection.tainted-sql-string.tainted-sql-string
../../Preprocessed/NoRename/CWE-89/php/good_3816_7,79,8,"User data flows into this manually-constructed SQL string. User data can be safely inserted into SQL strings using prepared statements or an object-relational mapper (ORM). Manually-constructed SQL strings is a possible indicator of SQL injection, which could let an attacker steal or manipulate data from the database. Instead, use prepared statements (`$mysqli->prepare(""INSERT INTO test(id, label) VALUES (?, ?)"");`) or a safe library.",ERROR,php.lang.security.injection.tainted-sql-string.tainted-sql-string
../../Preprocessed/NoRename/CWE-89/php/good_398_0,68,17,File name based on user input risks server-side request forgery.,WARNING,php.lang.security.injection.tainted-filename.tainted-filename
../../Preprocessed/NoRename/CWE-89/php/good_4024_0,21,26,"User data flows into this manually-constructed SQL string. User data can be safely inserted into SQL strings using prepared statements or an object-relational mapper (ORM). Manually-constructed SQL strings is a possible indicator of SQL injection, which could let an attacker steal or manipulate data from the database. Instead, use prepared statements (`$mysqli->prepare(""INSERT INTO test(id, label) VALUES (?, ?)"");`) or a safe library.",ERROR,php.lang.security.injection.tainted-sql-string.tainted-sql-string
../../Preprocessed/NoRename/CWE-89/php/good_4363_3,308,28,"`$qb` Detected string concatenation with a non-literal variable in a Doctrine QueryBuilder method. This could lead to SQL injection if the variable is user-controlled and not properly sanitized. In order to prevent SQL injection, use parameterized queries or prepared statements instead.",WARNING,php.doctrine.security.audit.doctrine-orm-dangerous-query.doctrine-orm-dangerous-query
../../Preprocessed/NoRename/CWE-89/php/good_56_1,145,32,File name based on user input risks server-side request forgery.,WARNING,php.lang.security.injection.tainted-filename.tainted-filename
../../Preprocessed/NoRename/CWE-89/php/good_56_1,258,17,File name based on user input risks server-side request forgery.,WARNING,php.lang.security.injection.tainted-filename.tainted-filename
../../Preprocessed/NoRename/CWE-89/php/good_56_1,264,34,File name based on user input risks server-side request forgery.,WARNING,php.lang.security.injection.tainted-filename.tainted-filename
../../Preprocessed/NoRename/CWE-89/php/good_56_15,26,24,File name based on user input risks server-side request forgery.,WARNING,php.lang.security.injection.tainted-filename.tainted-filename
../../Preprocessed/NoRename/CWE-89/php/good_56_15,30,37,File name based on user input risks server-side request forgery.,WARNING,php.lang.security.injection.tainted-filename.tainted-filename
../../Preprocessed/NoRename/CWE-89/php/good_56_17,26,24,File name based on user input risks server-side request forgery.,WARNING,php.lang.security.injection.tainted-filename.tainted-filename
../../Preprocessed/NoRename/CWE-89/php/good_56_17,30,37,File name based on user input risks server-side request forgery.,WARNING,php.lang.security.injection.tainted-filename.tainted-filename
../../Preprocessed/NoRename/CWE-89/php/good_56_16,32,24,File name based on user input risks server-side request forgery.,WARNING,php.lang.security.injection.tainted-filename.tainted-filename
../../Preprocessed/NoRename/CWE-89/php/good_56_16,36,36,File name based on user input risks server-side request forgery.,WARNING,php.lang.security.injection.tainted-filename.tainted-filename
../../Preprocessed/NoRename/CWE-89/php/good_56_18,26,24,File name based on user input risks server-side request forgery.,WARNING,php.lang.security.injection.tainted-filename.tainted-filename
../../Preprocessed/NoRename/CWE-89/php/good_56_18,30,37,File name based on user input risks server-side request forgery.,WARNING,php.lang.security.injection.tainted-filename.tainted-filename
../../Preprocessed/NoRename/CWE-89/php/good_56_4,17,24,File name based on user input risks server-side request forgery.,WARNING,php.lang.security.injection.tainted-filename.tainted-filename
../../Preprocessed/NoRename/CWE-89/php/good_56_4,17,53,File name based on user input risks server-side request forgery.,WARNING,php.lang.security.injection.tainted-filename.tainted-filename
../../Preprocessed/NoRename/CWE-89/php/good_56_4,62,17,File name based on user input risks server-side request forgery.,WARNING,php.lang.security.injection.tainted-filename.tainted-filename
../../Preprocessed/NoRename/CWE-89/php/good_56_4,63,25,File name based on user input risks server-side request forgery.,WARNING,php.lang.security.injection.tainted-filename.tainted-filename
../../Preprocessed/NoRename/CWE-89/php/good_56_4,104,30,File name based on user input risks server-side request forgery.,WARNING,php.lang.security.injection.tainted-filename.tainted-filename
../../Preprocessed/NoRename/CWE-89/php/good_750_0,30,13,"User data flows into this manually-constructed SQL string. User data can be safely inserted into SQL strings using prepared statements or an object-relational mapper (ORM). Manually-constructed SQL strings is a possible indicator of SQL injection, which could let an attacker steal or manipulate data from the database. Instead, use prepared statements (`$mysqli->prepare(""INSERT INTO test(id, label) VALUES (?, ?)"");`) or a safe library.",ERROR,php.lang.security.injection.tainted-sql-string.tainted-sql-string
